{
  "customers": [],
  "companies": [
    {
      "id": "comp_mj87qwkz4c2m",
      "name": "(BG)ชื่อ,ที่อยู่(ลูกค้า)  บริษัท บีจี ทราเวล จำกัด",
      "taxId": "0835556011471",
      "address": "8/91 หมู่ที่ 3 ตำบลวิชิต อำเภอเมือ\nงภูเก็ต จังหวัดภูเก็ต 83000",
      "phone": "",
      "contact": ""
    },
    {
      "id": "comp_mj8gcj98qlr1",
      "name": "(PCNT) บริษัท พีซีเอ็นที",
      "taxId": "0835560012419",
      "address": "8/91 หมู่ที่ 3 ตำบลวิชิต อำเภอเมือ\nงภูเก็ต จังหวัดภูเก็ต 83000",
      "phone": "",
      "contact": ""
    }
  ],
  "menu": [
    {
  "reservations": [],
  "sales": [],
        "y": 388.93846276595747
      },
      "23B": {
        "x": 234.49978723404254,
        "y": 802.205840425532
      },
      "15B": {
        "x": 985.2490425531914,
        "y": 795.0551968085107
      },
      "6B": {
        "x": 1123.9379521276596,
        "y": 171.57880851063828
      },
      "1A": {
        "x": 1735.9885372340425,
        "y": 20
      },
      "1B": {
        "x": 1738.848404255319,
        "y": 171.57880851063828
      },
      "7B": {
        "x": 1000.9734308510638,
        "y": 171.57880851063828
      },
      "2A": {
        "x": 1615.8741223404256,
        "y": 20
      },
      "8A": {
        "x": 877.995244680851,
        "y": 20
      },
      "6A": {
        "x": 1123.9379521276596,
        "y": 20
      },
      "3A": {
        "x": 1492.890079787234,
        "y": 20
      },
      "4A": {
        "x": 1369.9060372340425,
        "y": 20
      },
      "5A": {
        "x": 1246.921994680851,
        "y": 20
      },
      "18B": {
        "x": 234.49978723404254,
        "y": 142.97818617021278
      },
      "8B": {
        "x": 877.995244680851,
        "y": 171.57880851063828
      },
      "4B": {
        "x": 1372.7659042553191,
        "y": 171.57880851063828
      },
      "19C": {
        "x": 234.49978723404254,
        "y": 265.9593005319149
      },
      "7C": {
        "x": 1306.9889627659575,
        "y": 448.9995744680851
      },
      "14A": {
        "x": 556.2475159574468,
        "y": 679.2266781914894
      },
      "7A": {
        "x": 1000.9734308510638,
        "y": 20
      },
      "18A": {
        "x": 20,
        "y": 142.97818617021278
      },
      "5B": {
        "x": 1246.921994680851,
        "y": 171.57880851063828
      },
      "19B": {
        "x": 132.9686515957447,
        "y": 265.9593005319149
      },
      "17B": {
        "x": 234.49978723404254,
        "y": 20
      },
      "17A": {
        "x": 20,
        "y": 20
      },
      "3B": {
        "x": 1494.3151329787233,
        "y": 171.57880851063828
      },
      "2B": {
        "x": 1617.299175531915,
        "y": 171.57880851063828
      },
      "19A": {
        "x": 20,
        "y": 265.9593005319149
      },
      "21A": {
        "x": 20,
        "y": 556.2475159574468
      },
      "8C": {
        "x": 985.2490425531914,
        "y": 448.9995744680851
      },
      "23A": {
        "x": 20,
        "y": 802.205840425532
      },
      "22A": {
        "x": 20,
        "y": 679.2266781914894
      },
      "22B": {
        "x": 234.49978723404254,
        "y": 679.2266781914894
      },
      "14B": {
        "x": 985.2490425531914,
        "y": 672.076034574468
      },
      "15A": {
        "x": 556.2475159574468,
        "y": 802.205840425532
      },
      "21B": {
        "x": 234.49978723404254,
        "y": 556.2475159574468
      },
      "Cashier": {
        "x": 1521.4789893617021,
        "y": 448.9995744680851
      },
      "노래방": {
        "x": 1684.5109308510637,
        "y": 686.3773218085107
      }
    },
    "tableSizes": {
      "9": {
        "width": 229,
        "height": 114
      },
      "10": {
        "width": 229,
        "height": 114
      },
      "12": {
        "width": 229,
        "height": 114
      },
      "13": {
        "width": 229,
        "height": 114
      },
      "20": {
        "width": 298,
        "height": 131
      },
      "15B": {
        "width": 482,
        "height": 114
      },
      "4A": {
        "width": 114,
        "height": 143
      },
      "17A": {
        "width": 206,
        "height": 114
      },
      "17B": {
        "width": 206,
        "height": 114
      },
      "8A": {
        "width": 114,
        "height": 143
      },
      "7A": {
        "width": 114,
        "height": 143
      },
      "6A": {
        "width": 114,
        "height": 143
      },
      "5A": {
        "width": 114,
        "height": 143
      },
      "3A": {
        "width": 114,
        "height": 143
      },
      "2A": {
        "width": 114,
        "height": 143
      },
      "1A": {
        "width": 114,
        "height": 143
      },
      "18A": {
        "width": 206,
        "height": 114
      },
      "18B": {
        "width": 206,
        "height": 114
      },
      "8B": {
        "width": 114,
        "height": 204
      },
      "7B": {
        "width": 114,
        "height": 206
      },
      "6B": {
        "width": 114,
        "height": 206
      },
      "5B": {
        "width": 114,
        "height": 206
      },
      "4B": {
        "width": 113,
        "height": 206
      },
      "3B": {
        "width": 114,
        "height": 206
      },
      "2B": {
        "width": 110,
        "height": 206
      },
      "1B": {
        "width": 116,
        "height": 206
      },
      "19A": {
        "width": 104,
        "height": 114
      },
      "19B": {
        "width": 94,
        "height": 114
      },
      "19C": {
        "width": 206,
        "height": 114
      },
      "21A": {
        "width": 206,
        "height": 114
      },
      "21B": {
        "width": 206,
        "height": 114
      },
      "8C": {
        "width": 154,
        "height": 208
      },
      "7C": {
        "width": 154,
        "height": 215
      },
      "22A": {
        "width": 206,
        "height": 114
      },
      "22B": {
        "width": 206,
        "height": 114
      },
      "23A": {
        "width": 206,
        "height": 114
      },
      "23B": {
        "width": 206,
        "height": 114
      },
      "14A": {
        "width": 229,
        "height": 114
      },
      "14B": {
        "width": 482,
        "height": 114
      },
      "15A": {
        "width": 229,
        "height": 114
      },
      "Cashier": {
        "width": 225,
        "height": 229
      },
      "노래방": {
        "width": 150,
        "height": 199
      }
    },
    "tableNeedsCleaning": {},
    "tableList": [
      "17A",
      "17B",
      "9",
      "8A",
      "7A",
      "6A",
      "5A",
      "4A",
      "3A",
      "2A",
      "1A",
      "18A",
      "18B",
      "10",
      "8B",
      "7B",
      "6B",
      "5B",
      "4B",
      "3B",
      "2B",
      "1B",
      "19A",
      "19B",
      "19C",
      "20",
      "21A",
      "21B",
      "12",
      "8C",
      "7C",
      "22A",
      "22B",
      "13",
      "23A",
      "23B",
      "14A",
      "14B",
      "15A",
      "15B",
      "Cashier",
      "노래방"
    ],
    "orders": {
      "9": [],
      "10": [],
      "12": [],
      "13": [],
      "20": [],
      "17A": [],
      "17B": [],
      "8A": [],
      "7A": [],
      "6A": [],
      "5A": [],
      "4A": [],
      "3A": [],
      "2A": [],
      "1A": [],
      "18A": [],
      "18B": [],
      "8B": [],
      "7B": [],
      "6B": [],
      "5B": [],
      "4B": [],
      "3B": [],
      "2B": [],
      "1B": [],
      "19A": [],
      "19B": [],
      "19C": [],
      "21A": [],
      "21B": [],
      "8C": [],
      "7C": [],
      "22A": [],
      "22B": [],
      "23A": [],
      "23B": [],
      "14A": [],
      "14B": [],
      "15A": [],
      "15B": [],
      "Cashier": [],
      "노래방": []
    },
    "tableOccupiedOverrides": {}
  },
  "exchangeRates": {
    "usd": 0.029,
    "krw": 39.5
  }
}